domain,category,evidence,source,risk_score,first_seen,last_seen,geo,notes
guardbufercleaner.xyz,spam,Community report,community,,2025-09-13,,,
wbpthjfx.xyz,spam,Community report,community,,2025-09-13,,,
ifoqazns.xyz,spam,Community report,community,,2025-09-13,,,
pxwwrava.xyz,spam,Community report,community,,2025-09-13,,,
xfiupirn.xyz,spam,Community report,community,,2025-09-13,,,
medbclol.xyz,spam,Community report,community,,2025-09-13,,,
tzpfqpin.xyz,spam,Community report,community,,2025-09-13,,,
wdaijun.xyz,spam,Community report,community,,2025-09-13,,,
24hourwristbands.xyz,spam,Community report,community,,2025-09-13,,,
namyangjukranma.xyz,spam,Community report,community,,2025-09-13,,,
allyblcp.xyz,spam,Community report,community,,2025-09-13,,,
iinnmkcp.xyz,spam,Community report,community,,2025-09-13,,,
grwpzcqk.xyz,spam,Community report,community,,2025-09-13,,,
nkzgwczm.xyz,spam,Community report,community,,2025-09-13,,,
cxupzfcv.xyz,spam,Community report,community,,2025-09-13,,,
srrejtwb.xyz,spam,Community report,community,,2025-09-13,,,
iqnzmhgv.xyz,spam,Community report,community,,2025-09-13,,,
mobqgnvd.xyz,spam,Community report,community,,2025-09-13,,,
rnxbxilq.xyz,spam,Community report,community,,2025-09-13,,,
dukans.xyz,spam,Community report,community,,2025-09-13,,,
backpackwithstories.xyz,spam,Community report,community,,2025-09-13,,,
promotional-wrist-bands.xyz,spam,Community report,community,,2025-09-13,,,
tuyenquangshop.xyz,spam,Community report,community,,2025-09-13,,,
klmysh.xyz,spam,Community report,community,,2025-09-13,,,
jklcasoz.xyz,spam,Community report,community,,2025-09-13,,,
abiyusvq.xyz,spam,Community report,community,,2025-09-13,,,
rxxjusmp.xyz,spam,Community report,community,,2025-09-13,,,
wjzpykbz.xyz,spam,Community report,community,,2025-09-13,,,
ljyqymci.xyz,spam,Community report,community,,2025-09-13,,,
fnddihci.xyz,spam,Community report,community,,2025-09-13,,,
tuoeswer.xyz,spam,Community report,community,,2025-09-13,,,
puenzyoy.xyz,spam,Community report,community,,2025-09-13,,,
dkmexxvi.xyz,spam,Community report,community,,2025-09-13,,,
jypkdabr.xyz,spam,Community report,community,,2025-09-13,,,
hsmfpmds.xyz,spam,Community report,community,,2025-09-13,,,
iauakowq.xyz,spam,Community report,community,,2025-09-13,,,
toujbdcv.xyz,spam,Community report,community,,2025-09-13,,,
slotxo79.xyz,spam,Community report,community,,2025-09-13,,,
ambxbet.xyz,spam,Community report,community,,2025-09-13,,,
bilisimhaber.xyz,spam,Community report,community,,2025-09-13,,,
coral888.xyz,spam,Community report,community,,2025-09-13,,,
wikifa.xyz,spam,Community report,community,,2025-09-13,,,
717tv.xyz,spam,Community report,community,,2025-09-13,,,
ddortewx.xyz,spam,Community report,community,,2025-09-13,,,
cdjxqzjo.xyz,spam,Community report,community,,2025-09-13,,,
wttseksa.xyz,spam,Community report,community,,2025-09-13,,,
cppyoszm.xyz,spam,Community report,community,,2025-09-13,,,
hnddnxrh.xyz,spam,Community report,community,,2025-09-13,,,
tomak.xyz,spam,Community report,community,,2025-09-13,,,
gggmbaxy.xyz,spam,Community report,community,,2025-09-13,,,
ixcxxdas.xyz,spam,Community report,community,,2025-09-13,,,
sjjlhxar.xyz,spam,Community report,community,,2025-09-13,,,
axojefkj.xyz,spam,Community report,community,,2025-09-13,,,
osqgmiqj.xyz,spam,Community report,community,,2025-09-13,,,
pszkrbek.xyz,spam,Community report,community,,2025-09-13,,,
ldutcvdb.xyz,spam,Community report,community,,2025-09-13,,,
lshbahwl.xyz,spam,Community report,community,,2025-09-13,,,
eeiodsxf.xyz,spam,Community report,community,,2025-09-13,,,
ocyozbhs.xyz,spam,Community report,community,,2025-09-13,,,
sossylzl.xyz,spam,Community report,community,,2025-09-13,,,
tzlmnnvu.xyz,spam,Community report,community,,2025-09-13,,,
ikgtgwko.xyz,spam,Community report,community,,2025-09-13,,,
ivsblkyd.xyz,spam,Community report,community,,2025-09-13,,,
peolmvcj.xyz,spam,Community report,community,,2025-09-13,,,
uhjjewau.xyz,spam,Community report,community,,2025-09-13,,,
jrjmkey.xyz,spam,Community report,community,,2025-09-13,,,
gamekapital.xyz,spam,Community report,community,,2025-09-13,,,
lovelypetsdogtown-cheats.xyz,spam,Community report,community,,2025-09-13,,,
share4all.xyz,spam,Community report,community,,2025-09-13,,,
uhuxkwxx.xyz,spam,Community report,community,,2025-09-13,,,
hfpewxgk.xyz,spam,Community report,community,,2025-09-13,,,
grouse888.xyz,spam,Community report,community,,2025-09-13,,,
yifanhu.xyz,spam,Community report,community,,2025-09-13,,,
underground-toplist.xyz,spam,Community report,community,,2025-09-13,,,
ckc-e.xyz,spam,Community report,community,,2025-09-13,,,
alexsports.xyz,spam,Community report,community,,2025-09-13,,,
newsphonereview.xyz,spam,Community report,community,,2025-09-13,,,
crocodile888.xyz,spam,Community report,community,,2025-09-13,,,
tankupwar.xyz,spam,Community report,community,,2025-09-13,,,
browseware.xyz,spam,Community report,community,,2025-09-13,,,
scoss.xyz,spam,Community report,community,,2025-09-13,,,
lidafilm.xyz,spam,Community report,community,,2025-09-13,,,
droid-android.xyz,spam,Community report,community,,2025-09-13,,,
lis36.xyz,spam,Community report,community,,2025-09-13,,,
raxtion.xyz,spam,Community report,community,,2025-09-13,,,
cvtfevct.xyz,spam,Community report,community,,2025-09-13,,,
hdgzuqrt.xyz,spam,Community report,community,,2025-09-13,,,
bpjnxgvs.xyz,spam,Community report,community,,2025-09-13,,,
ltehhsmt.xyz,spam,Community report,community,,2025-09-13,,,
mjbefnqt.xyz,spam,Community report,community,,2025-09-13,,,
acorugsh.xyz,spam,Community report,community,,2025-09-13,,,
hhncthip.xyz,spam,Community report,community,,2025-09-13,,,
vkdiyruj.xyz,spam,Community report,community,,2025-09-13,,,
yretzkuc.xyz,spam,Community report,community,,2025-09-13,,,
ugvihcwy.xyz,spam,Community report,community,,2025-09-13,,,
xrpoyjxm.xyz,spam,Community report,community,,2025-09-13,,,
tfkqruap.xyz,spam,Community report,community,,2025-09-13,,,
fxnwkvdz.xyz,spam,Community report,community,,2025-09-13,,,
nbqzfzch.xyz,spam,Community report,community,,2025-09-13,,,
dmcwhtuk.xyz,spam,Community report,community,,2025-09-13,,,
pzwpwzuz.xyz,spam,Community report,community,,2025-09-13,,,
qhrzaisf.xyz,spam,Community report,community,,2025-09-13,,,
zselziid.xyz,spam,Community report,community,,2025-09-13,,,
bsdullev.xyz,spam,Community report,community,,2025-09-13,,,
lvtpshfv.xyz,spam,Community report,community,,2025-09-13,,,
kvzjgvkx.xyz,spam,Community report,community,,2025-09-13,,,
yipwzemm.xyz,spam,Community report,community,,2025-09-13,,,
tpmkkeuf.xyz,spam,Community report,community,,2025-09-13,,,
xxsirmdj.xyz,spam,Community report,community,,2025-09-13,,,
jxwikfum.xyz,spam,Community report,community,,2025-09-13,,,
thwtbnbc.xyz,spam,Community report,community,,2025-09-13,,,
azabuhfq.xyz,spam,Community report,community,,2025-09-13,,,
lgrpgnok.xyz,spam,Community report,community,,2025-09-13,,,
aasosmgx.xyz,spam,Community report,community,,2025-09-13,,,
vfoskvzw.xyz,spam,Community report,community,,2025-09-13,,,
pcywnbry.xyz,spam,Community report,community,,2025-09-13,,,
fnmsotfh.xyz,spam,Community report,community,,2025-09-13,,,
hckcqfho.xyz,spam,Community report,community,,2025-09-13,,,
mostcomfortableheadphonestosleepin.xyz,spam,Community report,community,,2025-09-13,,,
paotung168.xyz,spam,Community report,community,,2025-09-13,,,
pgslotgta.xyz,spam,Community report,community,,2025-09-13,,,
haarvitamine.xyz,spam,Community report,community,,2025-09-13,,,
999superslot.xyz,spam,Community report,community,,2025-09-13,,,
slotxowar.xyz,spam,Community report,community,,2025-09-13,,,
xxx553.xyz,spam,Community report,community,,2025-09-13,,,
bombahaberler.xyz,spam,Community report,community,,2025-09-13,,,
modahaberleri.xyz,spam,Community report,community,,2025-09-13,,,
turbot888.xyz,spam,Community report,community,,2025-09-13,,,
arinapage.xyz,spam,Community report,community,,2025-09-13,,,
mersinhaber.xyz,spam,Community report,community,,2025-09-13,,,
bestcouponsandfreebies.xyz,spam,Community report,community,,2025-09-13,,,
30namatak.xyz,spam,Community report,community,,2025-09-13,,,
nightingale888.xyz,spam,Community report,community,,2025-09-13,,,
zerka-lo1.xyz,spam,Community report,community,,2025-09-13,,,
slotauto88.xyz,spam,Community report,community,,2025-09-13,,,
giraffe888.xyz,spam,Community report,community,,2025-09-13,,,
bhidetube.xyz,spam,Community report,community,,2025-09-13,,,
veylola.xyz,spam,Community report,community,,2025-09-13,,,
fhidetube.xyz,spam,Community report,community,,2025-09-13,,,
54-38-132-168.xyz,spam,Community report,community,,2025-09-13,,,
reviewking.xyz,spam,Community report,community,,2025-09-13,,,
silicone-band-bracelets.xyz,spam,Community report,community,,2025-09-13,,,
vitiligoweb.xyz,spam,Community report,community,,2025-09-13,,,
yps520.xyz,spam,Community report,community,,2025-09-13,,,
deukmyund.xyz,spam,Community report,community,,2025-09-13,,,
datingseiten24.xyz,spam,Community report,community,,2025-09-13,,,
digitalwebmaster.xyz,spam,Community report,community,,2025-09-13,,,
abdulmuneeb.xyz,spam,Community report,community,,2025-09-13,,,
toakiiikarrrt.xyz,spam,Community report,community,,2025-09-13,,,
rubber-wrist-band.xyz,spam,Community report,community,,2025-09-13,,,
cnrtqikw.xyz,spam,Community report,community,,2025-09-13,,,
dalakony.xyz,spam,Community report,community,,2025-09-13,,,
mymtehran.xyz,spam,Community report,community,,2025-09-13,,,
rapidmoviez.xyz,spam,Community report,community,,2025-09-13,,,
stremengblez.xyz,spam,Community report,community,,2025-09-13,,,
adultcizgipremium.xyz,spam,Community report,community,,2025-09-13,,,
zyfserver.xyz,spam,Community report,community,,2025-09-13,,,
edllsian.xyz,spam,Community report,community,,2025-09-13,,,
drakorterus.xyz,spam,Community report,community,,2025-09-13,,,
namwonkranma.xyz,spam,Community report,community,,2025-09-13,,,
fuzoku-douga.xyz,spam,Community report,community,,2025-09-13,,,
lionfm.xyz,spam,Community report,community,,2025-09-13,,,
plazu.xyz,spam,Community report,community,,2025-09-13,,,
iphone-se.xyz,spam,Community report,community,,2025-09-13,,,
ranktankwar.xyz,spam,Community report,community,,2025-09-13,,,
kasamashi-seniorkonkatsu.xyz,spam,Community report,community,,2025-09-13,,,
seodirectories.xyz,spam,Community report,community,,2025-09-13,,,
filmzcomplet.xyz,spam,Community report,community,,2025-09-13,,,
yo-movies.xyz,spam,Community report,community,,2025-09-13,,,
zolohwcg.xyz,spam,Community report,community,,2025-09-13,,,
hrylbfun.xyz,spam,Community report,community,,2025-09-13,,,
azuruppu.xyz,spam,Community report,community,,2025-09-13,,,
gyhetkvc.xyz,spam,Community report,community,,2025-09-13,,,
bqhypvfi.xyz,spam,Community report,community,,2025-09-13,,,
mlncxpfw.xyz,spam,Community report,community,,2025-09-13,,,
eazyvvyj.xyz,spam,Community report,community,,2025-09-13,,,
qhkxhycu.xyz,spam,Community report,community,,2025-09-13,,,
fshsvnub.xyz,spam,Community report,community,,2025-09-13,,,
lpparvmd.xyz,spam,Community report,community,,2025-09-13,,,
ffliovqz.xyz,spam,Community report,community,,2025-09-13,,,
eoglkujn.xyz,spam,Community report,community,,2025-09-13,,,
xpnbapal.xyz,spam,Community report,community,,2025-09-13,,,
tpwbxpmb.xyz,spam,Community report,community,,2025-09-13,,,
xaehvbxg.xyz,spam,Community report,community,,2025-09-13,,,
wolewyfx.xyz,spam,Community report,community,,2025-09-13,,,
hybqohid.xyz,spam,Community report,community,,2025-09-13,,,
igrnyfyg.xyz,spam,Community report,community,,2025-09-13,,,
swlwbdvc.xyz,spam,Community report,community,,2025-09-13,,,
najfnjpg.xyz,spam,Community report,community,,2025-09-13,,,
gpryzdwc.xyz,spam,Community report,community,,2025-09-13,,,
nqkjqnfr.xyz,spam,Community report,community,,2025-09-13,,,
euphxnil.xyz,spam,Community report,community,,2025-09-13,,,
vevhjivh.xyz,spam,Community report,community,,2025-09-13,,,
qiiubnkk.xyz,spam,Community report,community,,2025-09-13,,,
sarlgrpy.xyz,spam,Community report,community,,2025-09-13,,,
rxkfkdah.xyz,spam,Community report,community,,2025-09-13,,,
fjojahdb.xyz,spam,Community report,community,,2025-09-13,,,
uoufvycf.xyz,spam,Community report,community,,2025-09-13,,,
tztkkrqj.xyz,spam,Community report,community,,2025-09-13,,,
llytiuxa.xyz,spam,Community report,community,,2025-09-13,,,
zeycrdcs.xyz,spam,Community report,community,,2025-09-13,,,
eawpuejf.xyz,spam,Community report,community,,2025-09-13,,,
lyrjhoku.xyz,spam,Community report,community,,2025-09-13,,,
ixbawygc.xyz,spam,Community report,community,,2025-09-13,,,
upsgvori.xyz,spam,Community report,community,,2025-09-13,,,
dzwudzxv.xyz,spam,Community report,community,,2025-09-13,,,
hdcokkjz.xyz,spam,Community report,community,,2025-09-13,,,
xrtzwtfy.xyz,spam,Community report,community,,2025-09-13,,,
nzeasgmd.xyz,spam,Community report,community,,2025-09-13,,,
xglfyjdw.xyz,spam,Community report,community,,2025-09-13,,,
wlzkxbgt.xyz,spam,Community report,community,,2025-09-13,,,
jeweskql.xyz,spam,Community report,community,,2025-09-13,,,
zkznxfxj.xyz,spam,Community report,community,,2025-09-13,,,
vupcddex.xyz,spam,Community report,community,,2025-09-13,,,
cxmetwne.xyz,spam,Community report,community,,2025-09-13,,,
mqdktplu.xyz,spam,Community report,community,,2025-09-13,,,
ditywanp.xyz,spam,Community report,community,,2025-09-13,,,
jwdsrmnq.xyz,spam,Community report,community,,2025-09-13,,,
tlwxqbzl.xyz,spam,Community report,community,,2025-09-13,,,
tgkuzffb.xyz,spam,Community report,community,,2025-09-13,,,
zdvenpnv.xyz,spam,Community report,community,,2025-09-13,,,
gmquubnj.xyz,spam,Community report,community,,2025-09-13,,,
qpzfhrph.xyz,spam,Community report,community,,2025-09-13,,,
zqwtvtvw.xyz,spam,Community report,community,,2025-09-13,,,
zqsxjgyt.xyz,spam,Community report,community,,2025-09-13,,,
wpnusemk.xyz,spam,Community report,community,,2025-09-13,,,
dfnvwsxx.xyz,spam,Community report,community,,2025-09-13,,,
adult-webcam.xyz,spam,Community report,community,,2025-09-13,,,
bbk110.xyz,spam,Community report,community,,2025-09-13,,,
problemasdeereccion24.xyz,spam,Community report,community,,2025-09-13,,,
gevezex.xyz,spam,Community report,community,,2025-09-13,,,
jokerslotxovip.xyz,spam,Community report,community,,2025-09-13,,,
xopgth.xyz,spam,Community report,community,,2025-09-13,,,
pgslot-autos.xyz,spam,Community report,community,,2025-09-13,,,
kingdom66.xyz,spam,Community report,community,,2025-09-13,,,
ghananews.xyz,spam,Community report,community,,2025-09-13,,,
pgslot3579.xyz,spam,Community report,community,,2025-09-13,,,
thefappeningnude.xyz,spam,Community report,community,,2025-09-13,,,
daftar-poker88.xyz,spam,Community report,community,,2025-09-13,,,
startcrack.xyz,spam,Community report,community,,2025-09-13,,,
tesco123.xyz,spam,Community report,community,,2025-09-13,,,
slotxo-xo.xyz,spam,Community report,community,,2025-09-13,,,
bitcoins-game.xyz,spam,Community report,community,,2025-09-13,,,
appservice6.xyz,spam,Community report,community,,2025-09-13,,,
gunlukhaberler.xyz,spam,Community report,community,,2025-09-13,,,
rambutan888.xyz,spam,Community report,community,,2025-09-13,,,
nuceciwan111.xyz,spam,Community report,community,,2025-09-13,,,
alphapetersolutions.xyz,spam,Community report,community,,2025-09-13,,,
tenancyland.xyz,spam,Community report,community,,2025-09-13,,,
pomegranate888.xyz,spam,Community report,community,,2025-09-13,,,
mbc2.xyz,spam,Community report,community,,2025-09-13,,,
recetasdecocinaperuana.xyz,spam,Community report,community,,2025-09-13,,,
technologymall.xyz,spam,Community report,community,,2025-09-13,,,
daftaryupitoto.xyz,spam,Community report,community,,2025-09-13,,,
dcmovie.xyz,spam,Community report,community,,2025-09-13,,,
puncakpkr.xyz,spam,Community report,community,,2025-09-13,,,
oubsport.xyz,spam,Community report,community,,2025-09-13,,,
chaffinch888.xyz,spam,Community report,community,,2025-09-13,,,
tokyocareers.xyz,spam,Community report,community,,2025-09-13,,,
freedomwiki.xyz,spam,Community report,community,,2025-09-13,,,
54-38-219-102.xyz,spam,Community report,community,,2025-09-13,,,
nigerianwiki.xyz,spam,Community report,community,,2025-09-13,,,
dosugnu.xyz,spam,Community report,community,,2025-09-13,,,
angkakeramatjitu.xyz,spam,Community report,community,,2025-09-13,,,
tpietz.xyz,spam,Community report,community,,2025-09-13,,,
djrimonbabu.xyz,spam,Community report,community,,2025-09-13,,,
songwah.xyz,spam,Community report,community,,2025-09-13,,,
54-36-174-160.xyz,spam,Community report,community,,2025-09-13,,,
xxx-sikis-turkiye.xyz,spam,Community report,community,,2025-09-13,,,
comuatraf.xyz,spam,Community report,community,,2025-09-13,,,
erotikdating24.xyz,spam,Community report,community,,2025-09-13,,,
fun8880.xyz,spam,Community report,community,,2025-09-13,,,
busankranma.xyz,spam,Community report,community,,2025-09-13,,,
hvyuehzt.xyz,spam,Community report,community,,2025-09-13,,,
51-77-53-106.xyz,spam,Community report,community,,2025-09-13,,,
revelationkranma.xyz,spam,Community report,community,,2025-09-13,,,
jerryroom.xyz,spam,Community report,community,,2025-09-13,,,
megadownloader.xyz,spam,Community report,community,,2025-09-13,,,
newtiqtg.xyz,spam,Community report,community,,2025-09-13,,,
15maw.xyz,spam,Community report,community,,2025-09-13,,,
goooo3.xyz,spam,Community report,community,,2025-09-13,,,
lzhomfuj.xyz,spam,Community report,community,,2025-09-13,,,
thedogfoods.xyz,spam,Community report,community,,2025-09-13,,,
uytrartzcr.xyz,spam,Community report,community,,2025-09-13,,,
leelvvco.xyz,spam,Community report,community,,2025-09-13,,,
socialmediapower.xyz,spam,Community report,community,,2025-09-13,,,
qzgrjidl.xyz,spam,Community report,community,,2025-09-13,,,
198-244-178-5.xyz,spam,Community report,community,,2025-09-13,,,
mesjowae.xyz,spam,Community report,community,,2025-09-13,,,
wfdostae.xyz,spam,Community report,community,,2025-09-13,,,
divelos.xyz,spam,Community report,community,,2025-09-13,,,
y2lbdslzo.xyz,spam,Community report,community,,2025-09-13,,,
i-technology.xyz,spam,Community report,community,,2025-09-13,,,
anthem-kouryaku.xyz,spam,Community report,community,,2025-09-13,,,
cointerra.xyz,spam,Community report,community,,2025-09-13,,,
onthesissearcha.xyz,spam,Community report,community,,2025-09-13,,,
kakegawa-city.xyz,spam,Community report,community,,2025-09-13,,,
gunsankranma.xyz,spam,Community report,community,,2025-09-13,,,
boryeongkranma.xyz,spam,Community report,community,,2025-09-13,,,
housefilms.xyz,spam,Community report,community,,2025-09-13,,,
aikaow.xyz,spam,Community report,community,,2025-09-13,,,
aimaiw.xyz,spam,Community report,community,,2025-09-13,,,
kvmtu.xyz,spam,Community report,community,,2025-09-13,,,
warthtank.xyz,spam,Community report,community,,2025-09-13,,,
tutorialku18.xyz,spam,Community report,community,,2025-09-13,,,
flipbean.xyz,spam,Community report,community,,2025-09-13,,,
massolit.xyz,spam,Community report,community,,2025-09-13,,,
sentralpariwisata.xyz,spam,Community report,community,,2025-09-13,,,
mp3sisi.xyz,spam,Community report,community,,2025-09-13,,,
traveller-boy.xyz,spam,Community report,community,,2025-09-13,,,
anunciosespectaculares.xyz,spam,Community report,community,,2025-09-13,,,
hznmdl.xyz,spam,Community report,community,,2025-09-13,,,
firdus-agency.xyz,spam,Community report,community,,2025-09-13,,,
kuyish.xyz,spam,Community report,community,,2025-09-13,,,
pottys.xyz,spam,Community report,community,,2025-09-13,,,
leffjq.xyz,spam,Community report,community,,2025-09-13,,,
immediate-connect.xyz,spam,Community report,community,,2025-09-13,,,
xxjy1.xyz,spam,Community report,community,,2025-09-13,,,
mbktbpyb.xyz,spam,Community report,community,,2025-09-13,,,
umzwcfqs.xyz,spam,Community report,community,,2025-09-13,,,
vipnjelv.xyz,spam,Community report,community,,2025-09-13,,,
euctnqjc.xyz,spam,Community report,community,,2025-09-13,,,
atcrrdae.xyz,spam,Community report,community,,2025-09-13,,,
nvcedyjl.xyz,spam,Community report,community,,2025-09-13,,,
ixinvbxm.xyz,spam,Community report,community,,2025-09-13,,,
bmirehzq.xyz,spam,Community report,community,,2025-09-13,,,
nklkkdly.xyz,spam,Community report,community,,2025-09-13,,,
fbbpowqi.xyz,spam,Community report,community,,2025-09-13,,,
psmxjlwt.xyz,spam,Community report,community,,2025-09-13,,,
npaqkpnb.xyz,spam,Community report,community,,2025-09-13,,,
clainoyj.xyz,spam,Community report,community,,2025-09-13,,,
aqzjjtht.xyz,spam,Community report,community,,2025-09-13,,,
wmhxqfby.xyz,spam,Community report,community,,2025-09-13,,,
kfwxrsbl.xyz,spam,Community report,community,,2025-09-13,,,
eksjtazn.xyz,spam,Community report,community,,2025-09-13,,,
fxdqkyci.xyz,spam,Community report,community,,2025-09-13,,,
sudotqtq.xyz,spam,Community report,community,,2025-09-13,,,
4037eatwhat.xyz,spam,Community report,community,,2025-09-13,,,
xh1940.xyz,spam,Community report,community,,2025-09-13,,,
mdamdkki.xyz,spam,Community report,community,,2025-09-13,,,
jiqjsdoz.xyz,spam,Community report,community,,2025-09-13,,,
tjgklsnd.xyz,spam,Community report,community,,2025-09-13,,,
wnhfxbrw.xyz,spam,Community report,community,,2025-09-13,,,
rgwnrldn.xyz,spam,Community report,community,,2025-09-13,,,
griglaby.xyz,spam,Community report,community,,2025-09-13,,,
lncemrgi.xyz,spam,Community report,community,,2025-09-13,,,
qtwaogkq.xyz,spam,Community report,community,,2025-09-13,,,
ohaxyfpv.xyz,spam,Community report,community,,2025-09-13,,,
ffvqtibx.xyz,spam,Community report,community,,2025-09-13,,,
cnxmfgzr.xyz,spam,Community report,community,,2025-09-13,,,
tkozlsoe.xyz,spam,Community report,community,,2025-09-13,,,
zzemoxsh.xyz,spam,Community report,community,,2025-09-13,,,
tamecdte.xyz,spam,Community report,community,,2025-09-13,,,
wenejgql.xyz,spam,Community report,community,,2025-09-13,,,
qfhaynib.xyz,spam,Community report,community,,2025-09-13,,,
ukivpyzl.xyz,spam,Community report,community,,2025-09-13,,,
wjsxject.xyz,spam,Community report,community,,2025-09-13,,,
wxysjkah.xyz,spam,Community report,community,,2025-09-13,,,
kflqhygp.xyz,spam,Community report,community,,2025-09-13,,,
lxqkhqwd.xyz,spam,Community report,community,,2025-09-13,,,
loelbhwt.xyz,spam,Community report,community,,2025-09-13,,,
nbgwhdnr.xyz,spam,Community report,community,,2025-09-13,,,
cerkcqqz.xyz,spam,Community report,community,,2025-09-13,,,
dcrczndk.xyz,spam,Community report,community,,2025-09-13,,,
rhglshpz.xyz,spam,Community report,community,,2025-09-13,,,
rmshtaqb.xyz,spam,Community report,community,,2025-09-13,,,
wowvajog.xyz,spam,Community report,community,,2025-09-13,,,
xjlfpzrl.xyz,spam,Community report,community,,2025-09-13,,,
fppeidur.xyz,spam,Community report,community,,2025-09-13,,,
tccflups.xyz,spam,Community report,community,,2025-09-13,,,
grdosmue.xyz,spam,Community report,community,,2025-09-13,,,
jvvzdcnc.xyz,spam,Community report,community,,2025-09-13,,,
rvjxpksh.xyz,spam,Community report,community,,2025-09-13,,,
txpydlpm.xyz,spam,Community report,community,,2025-09-13,,,
xljnqphv.xyz,spam,Community report,community,,2025-09-13,,,
ihdhnleu.xyz,spam,Community report,community,,2025-09-13,,,
tdxcouzr.xyz,spam,Community report,community,,2025-09-13,,,
sphereservice.xyz,spam,Community report,community,,2025-09-13,,,
kckvphzm.xyz,spam,Community report,community,,2025-09-13,,,
icaatbhy.xyz,spam,Community report,community,,2025-09-13,,,
bxjqvode.xyz,spam,Community report,community,,2025-09-13,,,
oeqghytx.xyz,spam,Community report,community,,2025-09-13,,,
cvkygeth.xyz,spam,Community report,community,,2025-09-13,,,
kestpoxg.xyz,spam,Community report,community,,2025-09-13,,,
bpygykin.xyz,spam,Community report,community,,2025-09-13,,,
bdbmcgyg.xyz,spam,Community report,community,,2025-09-13,,,
jycvrwnq.xyz,spam,Community report,community,,2025-09-13,,,
mtqllxxd.xyz,spam,Community report,community,,2025-09-13,,,
ntfthcur.xyz,spam,Community report,community,,2025-09-13,,,
dtvlsrbl.xyz,spam,Community report,community,,2025-09-13,,,
tkzojtbf.xyz,spam,Community report,community,,2025-09-13,,,
nggrdswo.xyz,spam,Community report,community,,2025-09-13,,,
sazfmezf.xyz,spam,Community report,community,,2025-09-13,,,
abyoxohg.xyz,spam,Community report,community,,2025-09-13,,,
jwwxnxxc.xyz,spam,Community report,community,,2025-09-13,,,
egjqkvry.xyz,spam,Community report,community,,2025-09-13,,,
dtiifgzk.xyz,spam,Community report,community,,2025-09-13,,,
kpbcgzzk.xyz,spam,Community report,community,,2025-09-13,,,
apibfblg.xyz,spam,Community report,community,,2025-09-13,,,
crjvnslb.xyz,spam,Community report,community,,2025-09-13,,,
blsvmurt.xyz,spam,Community report,community,,2025-09-13,,,
wiknluhc.xyz,spam,Community report,community,,2025-09-13,,,
cygyvfbv.xyz,spam,Community report,community,,2025-09-13,,,
ekatzvkl.xyz,spam,Community report,community,,2025-09-13,,,
vftryafx.xyz,spam,Community report,community,,2025-09-13,,,
nclbrwil.xyz,spam,Community report,community,,2025-09-13,,,
agkjaxjp.xyz,spam,Community report,community,,2025-09-13,,,
kdsbzrzk.xyz,spam,Community report,community,,2025-09-13,,,
axhnhcqz.xyz,spam,Community report,community,,2025-09-13,,,
fifkxhby.xyz,spam,Community report,community,,2025-09-13,,,
nhivyzwn.xyz,spam,Community report,community,,2025-09-13,,,
odinodjd.xyz,spam,Community report,community,,2025-09-13,,,
aocrsljd.xyz,spam,Community report,community,,2025-09-13,,,
qouhfbfp.xyz,spam,Community report,community,,2025-09-13,,,
vhcjzqze.xyz,spam,Community report,community,,2025-09-13,,,
dmjltsfe.xyz,spam,Community report,community,,2025-09-13,,,
jtuahihf.xyz,spam,Community report,community,,2025-09-13,,,
kpiqkvgr.xyz,spam,Community report,community,,2025-09-13,,,
vzynhhud.xyz,spam,Community report,community,,2025-09-13,,,
qfynwqky.xyz,spam,Community report,community,,2025-09-13,,,
ifftynrr.xyz,spam,Community report,community,,2025-09-13,,,
cwsusvze.xyz,spam,Community report,community,,2025-09-13,,,
dxsvpmqw.xyz,spam,Community report,community,,2025-09-13,,,
usdvkclt.xyz,spam,Community report,community,,2025-09-13,,,
voktkhnx.xyz,spam,Community report,community,,2025-09-13,,,
klmquclu.xyz,spam,Community report,community,,2025-09-13,,,
kbgkeiip.xyz,spam,Community report,community,,2025-09-13,,,
mgapqygu.xyz,spam,Community report,community,,2025-09-13,,,
nttsqvuu.xyz,spam,Community report,community,,2025-09-13,,,
bhkdydmq.xyz,spam,Community report,community,,2025-09-13,,,
hzdcvcvx.xyz,spam,Community report,community,,2025-09-13,,,
iuvdcmav.xyz,spam,Community report,community,,2025-09-13,,,
zcfliakc.xyz,spam,Community report,community,,2025-09-13,,,
fdkozlph.xyz,spam,Community report,community,,2025-09-13,,,
rmvfkyxo.xyz,spam,Community report,community,,2025-09-13,,,
tczqepty.xyz,spam,Community report,community,,2025-09-13,,,
eralqxji.xyz,spam,Community report,community,,2025-09-13,,,
slotsxoro.xyz,spam,Community report,community,,2025-09-13,,,
hdreska0.xyz,spam,Community report,community,,2025-09-13,,,
article-spinner.xyz,spam,Community report,community,,2025-09-13,,,
nxhuij.xyz,spam,Community report,community,,2025-09-13,,,
ghost-story.xyz,spam,Community report,community,,2025-09-13,,,
superslot289.xyz,spam,Community report,community,,2025-09-13,,,
88uefa.xyz,spam,Community report,community,,2025-09-13,,,
pgslotvip.xyz,spam,Community report,community,,2025-09-13,,,
caiman888.xyz,spam,Community report,community,,2025-09-13,,,
45-cash-official.xyz,spam,Community report,community,,2025-09-13,,,
ambsuperslot-login.xyz,spam,Community report,community,,2025-09-13,,,
creditrepairdallas.xyz,spam,Community report,community,,2025-09-13,,,
89slotxo.xyz,spam,Community report,community,,2025-09-13,,,
m24autoslot.xyz,spam,Community report,community,,2025-09-13,,,
kuyjoker.xyz,spam,Community report,community,,2025-09-13,,,
deoda.xyz,spam,Community report,community,,2025-09-13,,,
legitjoker.xyz,spam,Community report,community,,2025-09-13,,,
globaltraffic.xyz,spam,Community report,community,,2025-09-13,,,
qingseav.xyz,spam,Community report,community,,2025-09-13,,,
mejorpreentreno.xyz,spam,Community report,community,,2025-09-13,,,
bultenhaber.xyz,spam,Community report,community,,2025-09-13,,,
guvenhaber.xyz,spam,Community report,community,,2025-09-13,,,
asiannudes.xyz,spam,Community report,community,,2025-09-13,,,
samulnori.xyz,spam,Community report,community,,2025-09-13,,,
advanceautomattedbusiness.xyz,spam,Community report,community,,2025-09-13,,,
transportindustry.xyz,spam,Community report,community,,2025-09-13,,,
contentmakeronline.xyz,spam,Community report,community,,2025-09-13,,,
pheasant888.xyz,spam,Community report,community,,2025-09-13,,,
rsload.xyz,spam,Community report,community,,2025-09-13,,,
phe3x.xyz,spam,Community report,community,,2025-09-13,,,
custombracelet.xyz,spam,Community report,community,,2025-09-13,,,
chigaibonphuong.xyz,spam,Community report,community,,2025-09-13,,,
articlewrap.xyz,spam,Community report,community,,2025-09-13,,,
custom-wristbands.xyz,spam,Community report,community,,2025-09-13,,,
hdujwxsp.xyz,spam,Community report,community,,2025-09-13,,,
chidetube.xyz,spam,Community report,community,,2025-09-13,,,
goldpages.xyz,spam,Community report,community,,2025-09-13,,,
ducklife.xyz,spam,Community report,community,,2025-09-13,,,
sacekimibilgi.xyz,spam,Community report,community,,2025-09-13,,,
mr8-asia.xyz,spam,Community report,community,,2025-09-13,,,
crypto-money.xyz,spam,Community report,community,,2025-09-13,,,
dormouse888.xyz,spam,Community report,community,,2025-09-13,,,
wubr.alphapetersolutions.xyz,spam,Community report,community,,2025-09-13,,,
husky.knightscorebets.xyz,spam,Community report,community,,2025-09-13,,,
daniq.technologymall.xyz,spam,Community report,community,,2025-09-13,,,
jyqwf.marccraig.xyz,spam,Community report,community,,2025-09-13,,,
gljia.bestlivecamwebsites.xyz,spam,Community report,community,,2025-09-13,,,
yds.technologymall.xyz,spam,Community report,community,,2025-09-13,,,
opposite.knightscorebets.xyz,spam,Community report,community,,2025-09-13,,,
slack.knightscorebets.xyz,spam,Community report,community,,2025-09-13,,,
gayle.knightscorebets.xyz,spam,Community report,community,,2025-09-13,,,
uya.athleticpharma.xyz,spam,Community report,community,,2025-09-13,,,
trs.tanktreewar.xyz,spam,Community report,community,,2025-09-13,,,
hej.tanktreewar.xyz,spam,Community report,community,,2025-09-13,,,
prkt.marccraig.xyz,spam,Community report,community,,2025-09-13,,,
tki.docspure.xyz,spam,Community report,community,,2025-09-13,,,
pryor.tanktreewar.xyz,spam,Community report,community,,2025-09-13,,,
bushy.knightscorebets.xyz,spam,Community report,community,,2025-09-13,,,
gnl.jtdzcpmo.xyz,spam,Community report,community,,2025-09-13,,,
cwz.lvmrfker.xyz,spam,Community report,community,,2025-09-13,,,
dfslyatm.xyz,spam,Community report,community,,2025-09-13,,,
jlujh.technologymall.xyz,spam,Community report,community,,2025-09-13,,,
mdu.fpimvuga.xyz,spam,Community report,community,,2025-09-13,,,
delia.tanktreewar.xyz,spam,Community report,community,,2025-09-13,,,
aside.tankupwar.xyz,spam,Community report,community,,2025-09-13,,,
nsl.grugnjff.xyz,spam,Community report,community,,2025-09-13,,,
xcqiz.omrbsvkq.xyz,spam,Community report,community,,2025-09-13,,,
crumbley.tankupwar.xyz,spam,Community report,community,,2025-09-13,,,
isochore.tanktreewar.xyz,spam,Community report,community,,2025-09-13,,,
giles.knightscorebets.xyz,spam,Community report,community,,2025-09-13,,,
sgypk.voylxqmo.xyz,spam,Community report,community,,2025-09-13,,,
oey.dfslyatm.xyz,spam,Community report,community,,2025-09-13,,,
sjgs.grugnjff.xyz,spam,Community report,community,,2025-09-13,,,
toady.tankupwar.xyz,spam,Community report,community,,2025-09-13,,,
uhsu.wiknluhc.xyz,spam,Community report,community,,2025-09-13,,,
pvzp.wtunfdqq.xyz,spam,Community report,community,,2025-09-13,,,
idbhu.xfjpaupc.xyz,spam,Community report,community,,2025-09-13,,,
psb.muffsvsr.xyz,spam,Community report,community,,2025-09-13,,,
oma.wtunfdqq.xyz,spam,Community report,community,,2025-09-13,,,
nslwh.ifmfftab.xyz,spam,Community report,community,,2025-09-13,,,
diego.knightscorebets.xyz,spam,Community report,community,,2025-09-13,,,
kielbasi.tankupwar.xyz,spam,Community report,community,,2025-09-13,,,
tma.omrbsvkq.xyz,spam,Community report,community,,2025-09-13,,,
ollie.tanktreewar.xyz,spam,Community report,community,,2025-09-13,,,
nqfol.uiisjzij.xyz,spam,Community report,community,,2025-09-13,,,
gfpm.aocrsljd.xyz,spam,Community report,community,,2025-09-13,,,
csa.yqwwtfgb.xyz,spam,Community report,community,,2025-09-13,,,
fuff.pcywnbry.xyz,spam,Community report,community,,2025-09-13,,,
faithful.tanktreewar.xyz,spam,Community report,community,,2025-09-13,,,
vrwiq.fpimvuga.xyz,spam,Community report,community,,2025-09-13,,,
uaut.ccawbeqt.xyz,spam,Community report,community,,2025-09-13,,,
akxdb.muffsvsr.xyz,spam,Community report,community,,2025-09-13,,,
ipd.voylxqmo.xyz,spam,Community report,community,,2025-09-13,,,
luqc.omrbsvkq.xyz,spam,Community report,community,,2025-09-13,,,
gyvid.pcywnbry.xyz,spam,Community report,community,,2025-09-13,,,
tsy.yqwwtfgb.xyz,spam,Community report,community,,2025-09-13,,,
gvk.xfjpaupc.xyz,spam,Community report,community,,2025-09-13,,,
birge.tanktreewar.xyz,spam,Community report,community,,2025-09-13,,,
chuck.knightscorebets.xyz,spam,Community report,community,,2025-09-13,,,
sdkto.wqkpbuhb.xyz,spam,Community report,community,,2025-09-13,,,
thjnk.bpygykin.xyz,spam,Community report,community,,2025-09-13,,,
zqd.vuwuqgby.xyz,spam,Community report,community,,2025-09-13,,,
pejew.ndhbmknn.xyz,spam,Community report,community,,2025-09-13,,,
taok.cnftcymf.xyz,spam,Community report,community,,2025-09-13,,,
ikvk.qouhfbfp.xyz,spam,Community report,community,,2025-09-13,,,
cvivb.zeycrdcs.xyz,spam,Community report,community,,2025-09-13,,,
gfrsc.ocxhiddo.xyz,spam,Community report,community,,2025-09-13,,,
xjikm.bcurmrqg.xyz,spam,Community report,community,,2025-09-13,,,
ucqgm.izzbpkzo.xyz,spam,Community report,community,,2025-09-13,,,
memmb.wvsnmxnx.xyz,spam,Community report,community,,2025-09-13,,,
npioc.lfkveoai.xyz,spam,Community report,community,,2025-09-13,,,
jpm.ywmhlbnk.xyz,spam,Community report,community,,2025-09-13,,,
hleh.vniatkii.xyz,spam,Community report,community,,2025-09-13,,,
dtwbn.iuvdcmav.xyz,spam,Community report,community,,2025-09-13,,,
hoto.qlliqzun.xyz,spam,Community report,community,,2025-09-13,,,
rct.ntfthcur.xyz,spam,Community report,community,,2025-09-13,,,
lifetoeat.xyz,spam,Community report,community,,2025-09-13,,,
lvmrfker.xyz,spam,Community report,community,,2025-09-13,,,
fpimvuga.xyz,spam,Community report,community,,2025-09-13,,,
baprang.xyz,spam,Community report,community,,2025-09-13,,,
comkeysetup.xyz,spam,Community report,community,,2025-09-13,,,
spotfund.xyz,spam,Community report,community,,2025-09-13,,,
threethree.xyz,spam,Community report,community,,2025-09-13,,,
loseingweight.xyz,spam,Community report,community,,2025-09-13,,,
cerealcarts.xyz,spam,Community report,community,,2025-09-13,,,
voylxqmo.xyz,spam,Community report,community,,2025-09-13,,,
nakagawa.tankupwar.xyz,spam,Community report,community,,2025-09-13,,,
knightscorebets.xyz,spam,Community report,community,,2025-09-13,,,
athleticpharma.xyz,spam,Community report,community,,2025-09-13,,,
ccawbeqt.xyz,spam,Community report,community,,2025-09-13,,,
omrbsvkq.xyz,spam,Community report,community,,2025-09-13,,,
grugnjff.xyz,spam,Community report,community,,2025-09-13,,,
jtdzcpmo.xyz,spam,Community report,community,,2025-09-13,,,
uiisjzij.xyz,spam,Community report,community,,2025-09-13,,,
ifmfftab.xyz,spam,Community report,community,,2025-09-13,,,
xfjpaupc.xyz,spam,Community report,community,,2025-09-13,,,
hwousfvg.xyz,spam,Community report,community,,2025-09-13,,,
fjmzharl.xyz,spam,Community report,community,,2025-09-13,,,
cbrkjhrj.xyz,spam,Community report,community,,2025-09-13,,,
hdozuxyp.xyz,spam,Community report,community,,2025-09-13,,,
hjmxghld.xyz,spam,Community report,community,,2025-09-13,,,
jdexvrhc.xyz,spam,Community report,community,,2025-09-13,,,
pevtpqdo.xyz,spam,Community report,community,,2025-09-13,,,
jdbfiqxv.xyz,spam,Community report,community,,2025-09-13,,,
pgwynkjg.xyz,spam,Community report,community,,2025-09-13,,,
dzgpdasd.xyz,spam,Community report,community,,2025-09-13,,,
zeztdakq.xyz,spam,Community report,community,,2025-09-13,,,
kgleoihj.xyz,spam,Community report,community,,2025-09-13,,,
asphaltcredits.xyz,spam,Community report,community,,2025-09-13,,,
skicyppj.xyz,spam,Community report,community,,2025-09-13,,,
aaslahjy.xyz,spam,Community report,community,,2025-09-13,,,
freeseoanalyze.xyz,spam,Community report,community,,2025-09-13,,,
51-89-24-53.xyz,spam,Community report,community,,2025-09-13,,,
wris-tbands.xyz,spam,Community report,community,,2025-09-13,,,
jasminbetgirisi.xyz,spam,Community report,community,,2025-09-13,,,
matrixmanpowersolutions.xyz,spam,Community report,community,,2025-09-13,,,
femmecougargeneve.xyz,spam,Community report,community,,2025-09-13,,,
alorrasta.xyz,spam,Community report,community,,2025-09-13,,,
perangjudi.xyz,spam,Community report,community,,2025-09-13,,,
darktaboo.xyz,spam,Community report,community,,2025-09-13,,,
pokerdom-cd5.xyz,spam,Community report,community,,2025-09-13,,,
besthelmetunder2000.xyz,spam,Community report,community,,2025-09-13,,,
aklimagelmisken.xyz,spam,Community report,community,,2025-09-13,,,
printed-wrist-bands.xyz,spam,Community report,community,,2025-09-13,,,
upaibnoh.xyz,spam,Community report,community,,2025-09-13,,,
muzfiles1.xyz,spam,Community report,community,,2025-09-13,,,
zdteijhk.xyz,spam,Community report,community,,2025-09-13,,,
uatarrrrrgg.xyz,spam,Community report,community,,2025-09-13,,,
144-217-68-170.xyz,spam,Community report,community,,2025-09-13,,,
zrelochki.xyz,spam,Community report,community,,2025-09-13,,,
sljpvvuc.xyz,spam,Community report,community,,2025-09-13,,,
seomonsters.xyz,spam,Community report,community,,2025-09-13,,,
nynboxdo.xyz,spam,Community report,community,,2025-09-13,,,
qeryyyyzrrr.xyz,spam,Community report,community,,2025-09-13,,,
dailychronicles1.xyz,spam,Community report,community,,2025-09-13,,,
sweetangelstaboo.xyz,spam,Community report,community,,2025-09-13,,,
jytibarose.xyz,spam,Community report,community,,2025-09-13,,,
anlsxzqc.xyz,spam,Community report,community,,2025-09-13,,,
exoclick.xyz,spam,Community report,community,,2025-09-13,,,
shapk2023d.xyz,spam,Community report,community,,2025-09-13,,,
oadadaystaad.xyz,spam,Community report,community,,2025-09-13,,,
xxx356.xyz,spam,Community report,community,,2025-09-13,,,
7it0i4n8y.xyz,spam,Community report,community,,2025-09-13,,,
i-5-cdn.xyz,spam,Community report,community,,2025-09-13,,,
bncxqgtm.xyz,spam,Community report,community,,2025-09-13,,,
vixentrans.xyz,spam,Community report,community,,2025-09-13,,,
mymacapps.xyz,spam,Community report,community,,2025-09-13,,,
miqaki.xyz,spam,Community report,community,,2025-09-13,,,
fcfkpstq.xyz,spam,Community report,community,,2025-09-13,,,
myclotb0e.xyz,spam,Community report,community,,2025-09-13,,,
duuourvd.xyz,spam,Community report,community,,2025-09-13,,,
bvmbvc.xyz,spam,Community report,community,,2025-09-13,,,
jacjhyzk.xyz,spam,Community report,community,,2025-09-13,,,
metalkemperprofiles.xyz,spam,Community report,community,,2025-09-13,,,
candytaboo.xyz,spam,Community report,community,,2025-09-13,,,
jujauauaaaar.xyz,spam,Community report,community,,2025-09-13,,,
oziivfdl.xyz,spam,Community report,community,,2025-09-13,,,
wxvdnshg.xyz,spam,Community report,community,,2025-09-13,,,
bintrck.xyz,spam,Community report,community,,2025-09-13,,,
zfqermxf.xyz,spam,Community report,community,,2025-09-13,,,
rmvkmyrv.xyz,spam,Community report,community,,2025-09-13,,,
zyovpzth.xyz,spam,Community report,community,,2025-09-13,,,
ewigovdr.xyz,spam,Community report,community,,2025-09-13,,,
skybazar.xyz,spam,Community report,community,,2025-09-13,,,
ainformation.xyz,spam,Community report,community,,2025-09-13,,,
gaziemirescortkizlar.xyz,spam,Community report,community,,2025-09-13,,,
bakurco.xyz,spam,Community report,community,,2025-09-13,,,
bestvpp.xyz,spam,Community report,community,,2025-09-13,,,
peeeydil.xyz,spam,Community report,community,,2025-09-13,,,
gs3os1.xyz,spam,Community report,community,,2025-09-13,,,
chungcheongnam-dokranma.xyz,spam,Community report,community,,2025-09-13,,,
dvwjkplk.xyz,spam,Community report,community,,2025-09-13,,,
rezekimakmur.xyz,spam,Community report,community,,2025-09-13,,,
hoki28.xyz,spam,Community report,community,,2025-09-13,,,
agedkranma.xyz,spam,Community report,community,,2025-09-13,,,
ssdahqkg.xyz,spam,Community report,community,,2025-09-13,,,
winbettoo.xyz,spam,Community report,community,,2025-09-13,,,
kxlihabx.xyz,spam,Community report,community,,2025-09-13,,,
kkkoaaiyryya.xyz,spam,Community report,community,,2025-09-13,,,
auto-news.xyz,spam,Community report,community,,2025-09-13,,,
iqwobjk.xyz,spam,Community report,community,,2025-09-13,,,
memoirsof.xyz,spam,Community report,community,,2025-09-13,,,
onlinefreee.xyz,spam,Community report,community,,2025-09-13,,,
powiekszaniepiersi24pl.xyz,spam,Community report,community,,2025-09-13,,,
bacahentai.xyz,spam,Community report,community,,2025-09-13,,,
goesankranma.xyz,spam,Community report,community,,2025-09-13,,,
kinorec.xyz,spam,Community report,community,,2025-09-13,,,
jabberjam.xyz,spam,Community report,community,,2025-09-13,,,
kayserimasajim.xyz,spam,Community report,community,,2025-09-13,,,
musashino-city.xyz,spam,Community report,community,,2025-09-13,,,
techytechy.xyz,spam,Community report,community,,2025-09-13,,,
lemon-juice.xyz,spam,Community report,community,,2025-09-13,,,
parsgoaltom.xyz,spam,Community report,community,,2025-09-13,,,
gigaspan.xyz,spam,Community report,community,,2025-09-13,,,
shayari4you.xyz,spam,Community report,community,,2025-09-13,,,
skipfire.xyz,spam,Community report,community,,2025-09-13,,,
jmbt.xyz,spam,Community report,community,,2025-09-13,,,
news45.xyz,spam,Community report,community,,2025-09-13,,,
ciudadrealfsf.xyz,spam,Community report,community,,2025-09-13,,,
computerscience0.xyz,spam,Community report,community,,2025-09-13,,,
tipobetgirisyap.xyz,spam,Community report,community,,2025-09-13,,,
metalanthology.xyz,spam,Community report,community,,2025-09-13,,,
gcylove.xyz,spam,Community report,community,,2025-09-13,,,
linlix.xyz,spam,Community report,community,,2025-09-13,,,
ddwsbkcm.xyz,spam,Community report,community,,2025-09-13,,,
tomxagva.xyz,spam,Community report,community,,2025-09-13,,,
ltvfbkyq.xyz,spam,Community report,community,,2025-09-13,,,
osfbtfaa.xyz,spam,Community report,community,,2025-09-13,,,
uwebfepu.xyz,spam,Community report,community,,2025-09-13,,,
qmlrpqea.xyz,spam,Community report,community,,2025-09-13,,,
qeicdlir.xyz,spam,Community report,community,,2025-09-13,,,
lmuyxxhn.xyz,spam,Community report,community,,2025-09-13,,,
xttqkrsh.xyz,spam,Community report,community,,2025-09-13,,,
qjkzhhqh.xyz,spam,Community report,community,,2025-09-13,,,
sybiecph.xyz,spam,Community report,community,,2025-09-13,,,
lokvzcaa.xyz,spam,Community report,community,,2025-09-13,,,
mhjxdocp.xyz,spam,Community report,community,,2025-09-13,,,
whwsuyvy.xyz,spam,Community report,community,,2025-09-13,,,
goysvtvu.xyz,spam,Community report,community,,2025-09-13,,,
ofylsxgz.xyz,spam,Community report,community,,2025-09-13,,,
uybjtfey.xyz,spam,Community report,community,,2025-09-13,,,
pdutsxjz.xyz,spam,Community report,community,,2025-09-13,,,
mpkpddwz.xyz,spam,Community report,community,,2025-09-13,,,
ubgyzyah.xyz,spam,Community report,community,,2025-09-13,,,
mikznmpx.xyz,spam,Community report,community,,2025-09-13,,,
malixbyf.xyz,spam,Community report,community,,2025-09-13,,,
ooknnsmd.xyz,spam,Community report,community,,2025-09-13,,,
kzxblbxj.xyz,spam,Community report,community,,2025-09-13,,,
wpkpipak.xyz,spam,Community report,community,,2025-09-13,,,
tegffyvx.xyz,spam,Community report,community,,2025-09-13,,,
rrbszvsv.xyz,spam,Community report,community,,2025-09-13,,,
slrfvlhj.xyz,spam,Community report,community,,2025-09-13,,,
rezkedam.xyz,spam,Community report,community,,2025-09-13,,,
ybvccwoy.xyz,spam,Community report,community,,2025-09-13,,,
ihnrsdza.xyz,spam,Community report,community,,2025-09-13,,,
daqlccdu.xyz,spam,Community report,community,,2025-09-13,,,
fxlzlknc.xyz,spam,Community report,community,,2025-09-13,,,
nhtbwzpp.xyz,spam,Community report,community,,2025-09-13,,,
aspxtxma.xyz,spam,Community report,community,,2025-09-13,,,
ozknitud.xyz,spam,Community report,community,,2025-09-13,,,
oiyxdoou.xyz,spam,Community report,community,,2025-09-13,,,
thplqggu.xyz,spam,Community report,community,,2025-09-13,,,
xzmakwdf.xyz,spam,Community report,community,,2025-09-13,,,
vtgwmliv.xyz,spam,Community report,community,,2025-09-13,,,
ioumzicp.xyz,spam,Community report,community,,2025-09-13,,,
pomdedhs.xyz,spam,Community report,community,,2025-09-13,,,
ggobtfwh.xyz,spam,Community report,community,,2025-09-13,,,
rdnfxawl.xyz,spam,Community report,community,,2025-09-13,,,
vgilfunp.xyz,spam,Community report,community,,2025-09-13,,,
yelgoljt.xyz,spam,Community report,community,,2025-09-13,,,
vqabzfap.xyz,spam,Community report,community,,2025-09-13,,,
arrnflbp.xyz,spam,Community report,community,,2025-09-13,,,
wkjrwzro.xyz,spam,Community report,community,,2025-09-13,,,
rteyumip.xyz,spam,Community report,community,,2025-09-13,,,
mbddpomm.xyz,spam,Community report,community,,2025-09-13,,,
iqgpsjsp.xyz,spam,Community report,community,,2025-09-13,,,
wlcbvyjd.xyz,spam,Community report,community,,2025-09-13,,,
odqvleuf.xyz,spam,Community report,community,,2025-09-13,,,
kxbimame.xyz,spam,Community report,community,,2025-09-13,,,
ideaghana.xyz,spam,Community report,community,,2025-09-13,,,
jsisfkyj.xyz,spam,Community report,community,,2025-09-13,,,
bddcphdi.xyz,spam,Community report,community,,2025-09-13,,,
uycymepa.xyz,spam,Community report,community,,2025-09-13,,,
njhldxxe.xyz,spam,Community report,community,,2025-09-13,,,
wwsrzbyk.xyz,spam,Community report,community,,2025-09-13,,,
ehgrvfdr.xyz,spam,Community report,community,,2025-09-13,,,
qxncxexs.xyz,spam,Community report,community,,2025-09-13,,,
kjhuseyc.xyz,spam,Community report,community,,2025-09-13,,,
wsgtwmdc.xyz,spam,Community report,community,,2025-09-13,,,
voynsdpi.xyz,spam,Community report,community,,2025-09-13,,,
owpsmwgk.xyz,spam,Community report,community,,2025-09-13,,,
vhrvchgo.xyz,spam,Community report,community,,2025-09-13,,,
yovszkph.xyz,spam,Community report,community,,2025-09-13,,,
limamzlk.xyz,spam,Community report,community,,2025-09-13,,,
mtifmjqr.xyz,spam,Community report,community,,2025-09-13,,,
uthimhgr.xyz,spam,Community report,community,,2025-09-13,,,
gvyqugka.xyz,spam,Community report,community,,2025-09-13,,,
yswoqdun.xyz,spam,Community report,community,,2025-09-13,,,
gdqwjtua.xyz,spam,Community report,community,,2025-09-13,,,
ibbjtfsr.xyz,spam,Community report,community,,2025-09-13,,,
ihqrgvvg.xyz,spam,Community report,community,,2025-09-13,,,
fxravdrx.xyz,spam,Community report,community,,2025-09-13,,,
vjtfmdub.xyz,spam,Community report,community,,2025-09-13,,,
buycheapcollegeessaysonline.xyz,spam,Community report,community,,2025-09-13,,,
aevejuwp.xyz,spam,Community report,community,,2025-09-13,,,
ipjubhag.xyz,spam,Community report,community,,2025-09-13,,,
uzedirfr.xyz,spam,Community report,community,,2025-09-13,,,
wnbbnviw.xyz,spam,Community report,community,,2025-09-13,,,
gmchausa.xyz,spam,Community report,community,,2025-09-13,,,
ydvkzdpb.xyz,spam,Community report,community,,2025-09-13,,,
ukxunmnm.xyz,spam,Community report,community,,2025-09-13,,,
vocffqsg.xyz,spam,Community report,community,,2025-09-13,,,
cusholvz.xyz,spam,Community report,community,,2025-09-13,,,
oulejfsw.xyz,spam,Community report,community,,2025-09-13,,,
acgttios.xyz,spam,Community report,community,,2025-09-13,,,
nldxjlle.xyz,spam,Community report,community,,2025-09-13,,,
yxzphfuc.xyz,spam,Community report,community,,2025-09-13,,,
ujsbpuny.xyz,spam,Community report,community,,2025-09-13,,,
tyzgmzdx.xyz,spam,Community report,community,,2025-09-13,,,
cswrpnei.xyz,spam,Community report,community,,2025-09-13,,,
mnocfcgq.xyz,spam,Community report,community,,2025-09-13,,,
fmsqxutj.xyz,spam,Community report,community,,2025-09-13,,,
qwdpnodw.xyz,spam,Community report,community,,2025-09-13,,,
xirsmivv.xyz,spam,Community report,community,,2025-09-13,,,
qnfzgnhr.xyz,spam,Community report,community,,2025-09-13,,,
mtcrlwub.xyz,spam,Community report,community,,2025-09-13,,,
zpyrxqot.xyz,spam,Community report,community,,2025-09-13,,,
tmbycbtr.xyz,spam,Community report,community,,2025-09-13,,,
xosrveox.xyz,spam,Community report,community,,2025-09-13,,,
myykpgbq.xyz,spam,Community report,community,,2025-09-13,,,
omysmtjs.xyz,spam,Community report,community,,2025-09-13,,,
ajjfzbti.xyz,spam,Community report,community,,2025-09-13,,,
dvoigirz.xyz,spam,Community report,community,,2025-09-13,,,
okhwefjs.xyz,spam,Community report,community,,2025-09-13,,,
orgarasj.xyz,spam,Community report,community,,2025-09-13,,,
eajrddds.xyz,spam,Community report,community,,2025-09-13,,,
zxsfwbxq.xyz,spam,Community report,community,,2025-09-13,,,
tmcxanfq.xyz,spam,Community report,community,,2025-09-13,,,
faopyzhq.xyz,spam,Community report,community,,2025-09-13,,,
gxsfsxzo.xyz,spam,Community report,community,,2025-09-13,,,
yotrpkpr.xyz,spam,Community report,community,,2025-09-13,,,
xijckbyo.xyz,spam,Community report,community,,2025-09-13,,,
vuqznuyn.xyz,spam,Community report,community,,2025-09-13,,,
fokjxzfw.xyz,spam,Community report,community,,2025-09-13,,,
euwqrrca.xyz,spam,Community report,community,,2025-09-13,,,
zxjithts.xyz,spam,Community report,community,,2025-09-13,,,
nhzlnpqq.xyz,spam,Community report,community,,2025-09-13,,,
xbctqyzv.xyz,spam,Community report,community,,2025-09-13,,,
sif.gamekapital.xyz,spam,Community report,community,,2025-09-13,,,
